region,code,year,patents,V,G,ratio,voc_share
Anhui,340000,1995,,32014.0,73700.0,0.43438263229308005,0.30283595361068544
Anhui,340000,1996,,42653.0,80000.0,0.5331625,0.34775341817974287
Anhui,340000,1997,,39163.0,89700.0,0.43659977703455966,0.303911906443277
Anhui,340000,1998,,44624.0,107858.0,0.4137291624172523,0.2926509358481657
Anhui,340000,1999,,48023.0,111465.0,0.4308347911900597,0.3011072933386838
Anhui,340000,2000,,60437.0,131453.0,0.4597612835005667,0.31495648548647664
Anhui,340000,2001,296.0,64990.0,149221.0,0.43552851140255056,0.3033924495007259
Anhui,340000,2002,,66124.0,170033.0,0.38888921562284967,0.2800001693788454
Anhui,340000,2003,,46134.0,209603.0,0.2201018115198733,0.18039626647688836
Anhui,340000,2004,658.0,110613.0,248451.0,0.44521052440923964,0.3080592874807834
Anhui,340000,2005,903.0,144932.0,300950.0,0.481581658082738,0.3250456398778152
Anhui,340000,2006,1274.0,173287.0,332059.0,0.5218560557009447,0.3429076316029018
Anhui,340000,2007,1602.0,219520.0,396525.0,0.5536094823781603,0.3563376052074118
Anhui,340000,2008,2729.0,269384.0,437481.0,0.6157615987894332,0.3810968148090512
Anhui,340000,2009,4465.0,275297.0,449248.0,0.6127951599116747,0.3799584566866102
Anhui,340000,2010,6396.0,292473.0,443812.0,0.6590020098600308,0.39722797558010825
Anhui,340000,2011,10982.0,289204.0,424199.0,0.681764926367106,0.40538657673152484
Anhui,340000,2012,19391.0,296110.0,412810.0,0.7173033598992272,0.4176917000507815
Anhui,340000,2013,34857.0,324927.0,416723.0,0.7797193819395618,0.4381136654756287
Anhui,340000,2014,49960.0,326438.0,429396.0,0.7602259918583313,0.4318911295337336
Anhui,340000,2015,68314.0,341013.0,433003.0,0.7875534349646538,0.4405761638002315
Anhui,340000,2016,95963.0,329317.0,388305.0,0.8480884871428388,0.4589003681603964
Anhui,340000,2017,93527.0,279668.0,376695.0,0.7424255697580271,0.4260873937135396
Anhui,340000,2018,108782.0,257212.0,369152.0,0.6967644764216366,0.4106430126891073
Anhui,340000,2019,62743.0,267892.0,363296.0,0.737393200035233,0.4244250524407942
Anhui,340000,2020,69663.0,256180.0,351280.0,0.7292757913914826,0.42172324103644687
Anhui,340000,2021,64106.0,263064.0,359916.0,0.7309038775714334,0.4222671674853125
Anhui,340000,2022,65368.0,238826.0,380654.0,0.6274096686229489,0.38552657067217666
Anhui,340000,2023,67093.0,248619.0,387947.0,0.6408581584597897,0.3905628010292727
Anhui,340000,2024,65961.0,221461.0,387337.0,0.5717527630977676,0.3637676207871905
Beijing,110000,1995,,17697.0,23400.0,0.7562820512820513,0.4306153733849186
Beijing,110000,1996,,17233.0,25200.0,0.6838492063492063,0.4061225932646761
Beijing,110000,1997,,18759.0,33000.0,0.5684545454545454,0.36242972236712456
Beijing,110000,1998,,23078.0,39683.0,0.5815588539172946,0.36771243288029193
Beijing,110000,1999,,27266.0,40660.0,0.6705853418593212,0.4014074139504755
Beijing,110000,2000,,28113.0,47569.0,0.5909941348357123,0.3714621706614519
Beijing,110000,2001,4984.0,32053.0,51263.0,0.6252657862395881,0.3847160209323539
Beijing,110000,2002,,31645.0,51180.0,0.6183079327862446,0.3820706308481739
Beijing,110000,2003,,29248.0,56601.0,0.5167399869260261,0.34069121364255844
Beijing,110000,2004,8608.0,65097.0,66556.0,0.978078610493419,0.4944589185206566
Beijing,110000,2005,12102.0,61837.0,73260.0,0.8440758940758941,0.4577229694219709
Beijing,110000,2006,14226.0,60968.0,78037.0,0.7812704230044722,0.43860292795223194
Beijing,110000,2007,18763.0,60581.0,78408.0,0.7726379961228446,0.43586902560634294
Beijing,110000,2008,28394.0,57901.0,78468.0,0.7378931538971301,0.42459063276844444
Beijing,110000,2009,29326.0,56788.0,70132.0,0.809730223008042,0.4474314528837063
Beijing,110000,2010,33466.0,51325.0,62305.0,0.8237701629082738,0.4516852943764851
Beijing,110000,2011,45057.0,51112.0,58275.0,0.8770827970827971,0.4672584493586989
Beijing,110000,2012,52720.0,58915.0,55657.0,1.0585371112348851,0.5142181335753936
Beijing,110000,2013,67554.0,75618.0,58072.0,1.302142168342747,0.5656219612536465
Beijing,110000,2014,78129.0,66964.0,57773.0,1.1590881553666939,0.5368415145466061
Beijing,110000,2015,88930.0,41401.0,57738.0,0.7170494301846271,0.4176055840789195
Beijing,110000,2016,104643.0,29837.0,52841.0,0.5646562328494918,0.36088197585814846
Beijing,110000,2017,99167.0,28981.0,49685.0,0.5832947569689041,0.3684056644547835
Beijing,110000,2018,117664.0,26037.0,51065.0,0.5098795652599628,0.33769552021996835
Beijing,110000,2019,129930.0,22939.0,50390.0,0.4552292121452669,0.31282303045179943
Beijing,110000,2020,145035.0,17864.0,52094.0,0.34291857027680733,0.2553532119271563
Beijing,110000,2021,167608.0,14169.0,45077.0,0.3143288151385407,0.23915538601762143
Beijing,110000,2022,189198.0,12515.0,49775.0,0.2514314414866901,0.20091507465082678
Beijing,110000,2023,205179.0,15527.0,59193.0,0.26231142195867757,0.2078024625267666
Beijing,110000,2024,210052.0,15785.0,59988.0,0.2631359605254384,0.20831958613226348
Chongqing,500000,1995,,,,,
Chongqing,500000,1996,,,,,
Chongqing,500000,1997,,20574.0,28700.0,0.7168641114982578,0.4175427202987377
Chongqing,500000,1998,,20661.0,34959.0,0.591006607740496,0.3714670981661273
Chongqing,500000,1999,,27076.0,36823.0,0.7353013062488118,0.4237312008012645
Chongqing,500000,2000,,29381.0,51793.0,0.5672774313131118,0.36195087096853673
Chongqing,500000,2001,262.0,30798.0,60787.0,0.5066543833385427,0.3362777747447726
Chongqing,500000,2002,,25462.0,62974.0,0.404325594689872,0.2879144239902302
Chongqing,500000,2003,,23414.0,74895.0,0.3126243407437079,0.2381674109186341
Chongqing,500000,2004,562.0,75721.0,102356.0,0.7397807651725351,0.42521493511233904
Chongqing,500000,2005,918.0,100472.0,133654.0,0.7517320843371691,0.4291364478955776
Chongqing,500000,2006,1204.0,103218.0,141448.0,0.729723997511453,0.421873084122845
Chongqing,500000,2007,1601.0,99933.0,144197.0,0.6930310616725729,0.4093433826240118
Chongqing,500000,2008,1997.0,94009.0,156906.0,0.5991421615489528,0.3746647270988183
Chongqing,500000,2009,3845.0,122220.0,161360.0,0.757436787307883,0.43098949150151633
Chongqing,500000,2010,5150.0,125018.0,169522.0,0.7374736022463161,0.42445168737692673
Chongqing,500000,2011,8839.0,118634.0,189652.0,0.6255351907704638,0.3848179936811921
Chongqing,500000,2012,11402.0,108446.0,203616.0,0.5326005814867201,0.34751427600925455
Chongqing,500000,2013,12562.0,102518.0,214128.0,0.4787697078383023,0.32376218237400756
Chongqing,500000,2014,19418.0,115701.0,221234.0,0.5229801929179059,0.34339264249781115
Chongqing,500000,2015,35086.0,108659.0,223647.0,0.4858504697134323,0.3269847670520544
Chongqing,500000,2016,19981.0,99687.0,219224.0,0.45472667226216107,0.31258564301639014
Chongqing,500000,2017,19297.0,94965.0,210874.0,0.450340013467758,0.31050650832627624
Chongqing,500000,2018,22686.0,99289.0,204087.0,0.4865033049630795,0.3272803385897368
Chongqing,500000,2019,20103.0,92141.0,206590.0,0.4460090033399487,0.3084413736773217
Chongqing,500000,2020,22273.0,91948.0,208130.0,0.4417815788209292,0.3064136657802305
Chongqing,500000,2021,24068.0,95217.0,201782.0,0.4718805443498429,0.3205970390472695
Chongqing,500000,2022,28907.0,106766.0,205272.0,0.5201196461280643,0.3421570449752915
Chongqing,500000,2023,30517.0,113077.0,214581.0,0.5269665068202684,0.34510678817547563
Chongqing,500000,2024,32663.0,119532.0,215510.0,0.5546471161431024,0.3567672112750043
Fujian,350000,1995,,22500.0,55700.0,0.40394973070017953,0.2877237851662404
Fujian,350000,1996,,26100.0,49400.0,0.52834008097166,0.3456953642384106
Fujian,350000,1997,,30200.0,49500.0,0.6101010101010101,0.37892095357590966
Fujian,350000,1998,,32900.0,55987.0,0.5876364155964777,0.3701328653233881
Fujian,350000,1999,,32100.0,64024.0,0.5013744845682869,0.3339436561108568
Fujian,350000,2000,,33100.0,78423.0,0.4220700559784757,0.2967997632775302
Fujian,350000,2001,361.0,26000.0,93703.0,0.2774724395163442,0.21720424717843329
Fujian,350000,2002,,37800.0,115812.0,0.32639104755983833,0.24607452542770097
Fujian,350000,2003,,111200.0,139457.0,0.7973784033788193,0.4436341295076539
Fujian,350000,2004,850.0,110300.0,159242.0,0.6926564599791513,0.40921266444561516
Fujian,350000,2005,1202.0,110036.0,182591.0,0.6026364935840212,0.37602818605255156
Fujian,350000,2006,1437.0,124853.0,201834.0,0.6185925067134378,0.38217927251467
Fujian,350000,2007,2170.0,123729.0,233965.0,0.528835509584767,0.34590739570694506
Fujian,350000,2008,2701.0,136510.0,242178.0,0.5636763042059972,0.3604814517491972
Fujian,350000,2009,3842.0,149669.0,248971.0,0.601150334777946,0.37544902669074853
Fujian,350000,2010,5117.0,155293.0,240300.0,0.6462463587182689,0.39255750228138514
Fujian,350000,2011,6896.0,162006.0,226312.0,0.7158524514829085,0.4171993057236595
Fujian,350000,2012,8492.0,175933.0,225581.0,0.7799105421112593,0.438174011366976
Fujian,350000,2013,9884.0,150811.0,231800.0,0.6506082830025884,0.39416273970168136
Fujian,350000,2014,12529.0,152109.0,227273.0,0.6692787968654438,0.40093889536140354
Fujian,350000,2015,17663.0,138364.0,208113.0,0.6648503457256394,0.3993454110951088
Fujian,350000,2016,27041.0,131698.0,196997.0,0.6685279471260984,0.40066931349731516
Fujian,350000,2017,26456.0,117763.0,196523.0,0.5992326597904571,0.37470011390898733
Fujian,350000,2018,37252.0,107814.0,206080.0,0.5231657608695652,0.3434726372597119
Fujian,350000,2019,30019.0,110432.0,210157.0,0.5254738124354649,0.3444659673288853
Fujian,350000,2020,32929.0,98580.0,195880.0,0.5032673065141924,0.33478231338721726
Fujian,350000,2021,31093.0,99079.0,196437.0,0.5043805393077679,0.33527457058162674
Fujian,350000,2022,30581.0,110034.0,206117.0,0.5338424292998637,0.3480425492881566
Fujian,350000,2023,33730.0,116258.0,219650.0,0.5292875028454359,0.3461007180537528
Fujian,350000,2024,37756.0,125253.0,234482.0,0.5341689340759632,0.3481813001237022
Gansu,620000,1995,,17178.0,46900.0,0.3662686567164179,0.2680795280751584
Gansu,620000,1996,,17146.0,48100.0,0.3564656964656965,0.2627900560953928
Gansu,620000,1997,,18323.0,52900.0,0.3463705103969754,0.2572624011906266
Gansu,620000,1998,,20790.0,54794.0,0.37942110450049277,0.2750582133784928
Gansu,620000,1999,,20739.0,53867.0,0.38500380566951936,0.2779803232983942
Gansu,620000,2000,,19921.0,56479.0,0.3527151684696967,0.2607460732984293
Gansu,620000,2001,256.0,21200.0,62793.0,0.33761725033045087,0.2524019858797757
Gansu,620000,2002,,21198.0,72295.0,0.29321529843004357,0.22673355224455308
Gansu,620000,2003,,30383.0,89040.0,0.34122866127583107,0.2544149786891972
Gansu,620000,2004,334.0,49288.0,109055.0,0.4519554353307964,0.31127362750484705
Gansu,620000,2005,712.0,54637.0,138165.0,0.39544747222523796,0.283383989792637
Gansu,620000,2006,550.0,54087.0,164257.0,0.32928277029289466,0.24771461546916793
Gansu,620000,2007,600.0,61882.0,179335.0,0.34506370758636074,0.2565407910719394
Gansu,620000,2008,952.0,75489.0,194146.0,0.3888259351209914,0.27996736328740707
Gansu,620000,2009,1120.0,84114.0,192269.0,0.4374808211412136,0.3043385447006509
Gansu,620000,2010,1412.0,102515.0,195045.0,0.525596657181676,0.34451875252050007
Gansu,620000,2011,2105.0,102760.0,202234.0,0.5081242521039984,0.3369246608129996
Gansu,620000,2012,3265.0,101413.0,213620.0,0.474735511656212,0.32191230759952133
Gansu,620000,2013,3735.0,105043.0,216530.0,0.48511984482519743,0.32665366806292817
Gansu,620000,2014,4986.0,88913.0,223828.0,0.3972380577943778,0.2843023460307411
Gansu,620000,2015,5504.0,87558.0,224408.0,0.39017325585540624,0.28066520069494755
Gansu,620000,2016,6114.0,74645.0,219083.0,0.34071561919455184,0.25412967098812506
Gansu,620000,2017,5785.0,67833.0,208113.0,0.3259431174410056,0.24581983431540955
Gansu,620000,2018,6035.0,58873.0,201083.0,0.2927795984742619,0.22647294157472803
Gansu,620000,2019,6056.0,59734.0,193621.0,0.3085099240268359,0.23577194055771547
Gansu,620000,2020,5684.0,57328.0,181187.0,0.3164023909000094,0.24035385615160473
Gansu,620000,2021,6423.0,52394.0,171143.0,0.306141647628007,0.2343862537298076
Gansu,620000,2022,7005.0,51665.0,170330.0,0.3033229613103975,0.2327304669024077
Gansu,620000,2023,7052.0,51561.0,171028.0,0.301476951142503,0.23164217459083783
Gansu,620000,2024,9215.0,54318.0,169598.0,0.32027500324296276,0.24258203969345649
Guangdong,440000,1995,,44181.0,102600.0,0.4306140350877193,0.30099944815745905
Guangdong,440000,1996,,56777.0,108800.0,0.5218474264705882,0.3429039057357
Guangdong,440000,1997,,65505.0,119100.0,0.55,0.3548387096774194
Guangdong,440000,1998,,75071.0,142876.0,0.5254276435510513,0.3444461268106466
Guangdong,440000,1999,,81678.0,165284.0,0.4941676145301421,0.33073104364234174
Guangdong,440000,2000,,83030.0,182354.0,0.4553231626397008,0.3128673921562717
Guangdong,440000,2001,2549.0,77910.0,206752.0,0.37682827735644636,0.27369301136084195
Guangdong,440000,2002,,71625.0,228122.0,0.3139767317488011,0.23895151577830637
Guangdong,440000,2003,,83871.0,274956.0,0.30503426002705886,0.23373659172804723
Guangdong,440000,2004,8093.0,189729.0,318190.0,0.5962758100505987,0.3735418442704447
Guangdong,440000,2005,12887.0,189083.0,374445.0,0.5049686869900787,0.3355343478939822
Guangdong,440000,2006,21351.0,198252.0,429856.0,0.46120561304250723,0.31563361714864324
Guangdong,440000,2007,26692.0,221502.0,479969.0,0.46149230471134595,0.3157678649580667
Guangdong,440000,2008,28099.0,245300.0,534880.0,0.45860753813939575,0.3144146222666564
Guangdong,440000,2009,32247.0,277650.0,568989.0,0.48797076920643456,0.327943787139501
Guangdong,440000,2010,40866.0,331741.0,567648.0,0.5844132279158916,0.36885152030989926
Guangdong,440000,2011,52012.0,366543.0,630863.0,0.5810183827550515,0.36749628536423484
Guangdong,440000,2012,60448.0,419163.0,688461.0,0.6088405879200129,0.37843437845333794
Guangdong,440000,2013,68990.0,488286.0,723659.0,0.6747459784235392,0.40289452079096
Guangdong,440000,2014,75147.0,457010.0,728690.0,0.6271665591678217,0.38543476427426837
Guangdong,440000,2015,103941.0,417278.0,726690.0,0.574217341644993,0.36476369968390726
Guangdong,440000,2016,155581.0,389163.0,703300.0,0.5533385468505616,0.35622533669332507
Guangdong,440000,2017,182639.0,342297.0,676686.0,0.5058431828056145,0.3359202263433247
Guangdong,440000,2018,216469.0,318470.0,646488.0,0.49261548551558576,0.33003508961011774
Guangdong,440000,2019,203311.0,279317.0,628523.0,0.44440219371447026,0.30767205675008813
Guangdong,440000,2020,215926.0,266124.0,598362.0,0.44475417890842,0.30784072847911936
Guangdong,440000,2021,242551.0,260465.0,592106.0,0.4398958970184393,0.30550534794169637
Guangdong,440000,2022,236957.0,271921.0,631295.0,0.43073523471594105,0.3010586614940391
Guangdong,440000,2023,240223.0,277277.0,664568.0,0.41722893669270866,0.29439769813504346
Guangdong,440000,2024,259373.0,299999.0,696439.0,0.4307613444967901,0.30107141638516394
Guangxi,450000,1995,,28331.0,66000.0,0.4292575757575758,0.30033605071503533
Guangxi,450000,1996,,30377.0,64200.0,0.4731619937694704,0.32118802668724955
Guangxi,450000,1997,,30757.0,64000.0,0.480578125,0.32458815707546673
Guangxi,450000,1998,,31282.0,70988.0,0.44066602806108074,0.30587660115380855
Guangxi,450000,1999,,37553.0,74042.0,0.5071851111531293,0.3365114924503786
Guangxi,450000,2000,,41688.0,81936.0,0.5087873462214412,0.33721607454863134
Guangxi,450000,2001,275.0,43948.0,96368.0,0.4560434999169849,0.31320733202200746
Guangxi,450000,2002,,44292.0,115443.0,0.38366986304929707,0.2772842520424453
Guangxi,450000,2003,,57941.0,140988.0,0.4109640536783272,0.2912647225894666
Guangxi,450000,2004,495.0,88867.0,165146.0,0.538111731437637,0.3498521729202836
Guangxi,450000,2005,641.0,97685.0,193531.0,0.5047511768140505,0.3354383000934015
Guangxi,450000,2006,679.0,102070.0,201957.0,0.5054046158340637,0.33572676111003297
Guangxi,450000,2007,945.0,114824.0,223144.0,0.5145735489190837,0.33974814183591345
Guangxi,450000,2008,1086.0,131577.0,234161.0,0.5619082597016583,0.35975753134757665
Guangxi,450000,2009,1280.0,147542.0,236627.0,0.6235214071090789,0.38405493415658215
Guangxi,450000,2010,1574.0,163557.0,238971.0,0.684421959149855,0.4063245289768662
Guangxi,450000,2011,2757.0,180013.0,238408.0,0.755062749572162,0.4302198025433714
Guangxi,450000,2012,6511.0,214890.0,237474.0,0.9048990626342253,0.4750378014165583
Guangxi,450000,2013,14382.0,267471.0,241922.0,1.1056084192425657,0.5250778868182326
Guangxi,450000,2014,22237.0,230497.0,253288.0,0.9100194245285999,0.4764451150821129
Guangxi,450000,2015,30815.0,231889.0,257331.0,0.9011312278738278,0.4739973835902048
Guangxi,450000,2016,43078.0,224426.0,268465.0,0.8359599947851676,0.455325822544944
Guangxi,450000,2017,37976.0,199722.0,281761.0,0.7088347926079195,0.4148059225351674
Guangxi,450000,2018,20302.0,185663.0,295808.0,0.6276469872349633,0.3856161637980273
Guangxi,450000,2019,12412.0,196423.0,326975.0,0.6007278843948314,0.3752842005510147
Guangxi,450000,2020,12854.0,191496.0,336609.0,0.5688974448098536,0.36260970829664557
Guangxi,450000,2021,13693.0,188153.0,353003.0,0.5330068016419124,0.34768717338438454
Guangxi,450000,2022,13611.0,187836.0,380141.0,0.4941219179199297,0.330710574547913
Guangxi,450000,2023,12471.0,161201.0,394734.0,0.408378806994077,0.289963754755502
Guangxi,450000,2024,14341.0,135073.0,411133.0,0.32853845349315186,0.2472931458094565
Guizhou,520000,1995,,19856.0,37800.0,0.5252910052910053,0.3443874011377827
Guizhou,520000,1996,,21458.0,37800.0,0.5676719576719577,0.36211144486820346
Guizhou,520000,1997,,24682.0,40300.0,0.6124565756823821,0.37982826013357546
Guizhou,520000,1998,,29073.0,43331.0,0.6709515127737647,0.4015385890282305
Guizhou,520000,1999,,33272.0,41231.0,0.8069656326550411,0.44658604351502623
Guizhou,520000,2000,,35003.0,45846.0,0.7634908170832788,0.43294289354228255
Guizhou,520000,2001,178.0,34361.0,47121.0,0.7292077842151058,0.42170049826955647
Guizhou,520000,2002,,36664.0,55499.0,0.6606245157570406,0.3978169113418617
Guizhou,520000,2003,,43248.0,75141.0,0.5755579510520222,0.36530420900590427
Guizhou,520000,2004,450.0,48252.0,94939.0,0.5082421344231559,0.33697648595232943
Guizhou,520000,2005,782.0,43770.0,119161.0,0.3673181661785316,0.2686413266965771
Guizhou,520000,2006,923.0,47250.0,137065.0,0.34472695436471745,0.25635461031386486
Guizhou,520000,2007,874.0,62027.0,149254.0,0.4155801519557265,0.2935758539575258
Guizhou,520000,2008,873.0,75594.0,161279.0,0.46871570384240974,0.31913303753488154
Guizhou,520000,2009,1336.0,82599.0,165392.0,0.4994135145593499,0.3330725711820187
Guizhou,520000,2010,1322.0,100997.0,171704.0,0.5882041187159297,0.3703580111550746
Guizhou,520000,2011,2358.0,90966.0,180203.0,0.5047973674134171,0.3354586991875915
Guizhou,520000,2012,3103.0,100340.0,195861.0,0.5123020917895855,0.33875645254404946
Guizhou,520000,2013,3988.0,100281.0,210409.0,0.476600335536978,0.32276867617239047
Guizhou,520000,2014,8203.0,108500.0,238495.0,0.4549361621836936,0.3126846208158619
Guizhou,520000,2015,7538.0,118846.0,280735.0,0.4233387358184765,0.29742655431564563
Guizhou,520000,2016,10953.0,173046.0,307414.0,0.5629086508747162,0.36016733963285186
Guizhou,520000,2017,13885.0,158978.0,323440.0,0.4915223843680435,0.32954408832174586
Guizhou,520000,2018,14992.0,152670.0,330559.0,0.46185401093299533,0.31593716436720476
Guizhou,520000,2019,10770.0,142170.0,333356.0,0.42648099929204814,0.2989741885827484
Guizhou,520000,2020,10693.0,134772.0,340290.0,0.3960504275764789,0.2836934968488324
Guizhou,520000,2021,9869.0,128181.0,327933.0,0.39087557519371335,0.28102842710375037
Guizhou,520000,2022,10732.0,114579.0,313442.0,0.36555088341702774,0.26769480936683016
Guizhou,520000,2023,11954.0,105322.0,318658.0,0.3305173571666175,0.24841266097457426
Guizhou,520000,2024,12230.0,116515.0,315926.0,0.36880472009267995,0.26943559930718874
Hainan,460000,1995,,4583.0,12600.0,0.36373015873015874,0.2667171041145318
Hainan,460000,1996,,5621.0,11600.0,0.4845689655172414,0.32640380930259566
Hainan,460000,1997,,6402.0,12100.0,0.5290909090909091,0.3460166468489893
Hainan,460000,1998,,7224.0,13568.0,0.5324292452830188,0.3474413235859946
Hainan,460000,1999,,8291.0,13219.0,0.6272032680232998,0.38544862854486284
Hainan,460000,2000,,8613.0,14010.0,0.6147751605995717,0.3807187375679618
Hainan,460000,2001,89.0,9578.0,16134.0,0.5936531548283129,0.3725108898568762
Hainan,460000,2002,,8885.0,20076.0,0.4425682406853955,0.30679189254514694
Hainan,460000,2003,,9637.0,22299.0,0.43217184627113325,0.3017597695390782
Hainan,460000,2004,137.0,12367.0,26749.0,0.462335040562264,0.3161621842724205
Hainan,460000,2005,176.0,12598.0,30677.0,0.4106659712488183,0.2911149624494512
Hainan,460000,2006,246.0,14087.0,32472.0,0.43381990638088197,0.3025623402564488
Hainan,460000,2007,278.0,16642.0,38193.0,0.43573429686068127,0.30349229506701925
Hainan,460000,2008,331.0,20270.0,45461.0,0.4458766855106575,0.3083780864432307
Hainan,460000,2009,456.0,22003.0,51332.0,0.4286410036624328,0.30003409013431515
Hainan,460000,2010,572.0,29692.0,50598.0,0.5868216135025099,0.3698094407771827
Hainan,460000,2011,732.0,32182.0,51487.0,0.6250509837434692,0.3846346914627879
Hainan,460000,2012,865.0,41583.0,52620.0,0.7902508551881414,0.44141906308716283
Hainan,460000,2013,921.0,40386.0,53651.0,0.7527539095263834,0.42946925146484893
Hainan,460000,2014,969.0,43688.0,58466.0,0.7472377108062805,0.4276680306204358
Hainan,460000,2015,1211.0,39356.0,60551.0,0.6499644927416558,0.3939263515069014
Hainan,460000,2016,1278.0,36121.0,58826.0,0.614031210689151,0.38043329436422424
Hainan,460000,2017,1627.0,33989.0,56105.0,0.6058105338205151,0.37726152684973474
Hainan,460000,2018,2127.0,33132.0,57018.0,0.5810796590550352,0.3675207986688852
Hainan,460000,2019,2183.0,34764.0,57354.0,0.6061303483627994,0.37738552725851626
Hainan,460000,2020,2618.0,37227.0,55721.0,0.6680964088943128,0.40051426604122736
Hainan,460000,2021,4497.0,32527.0,56505.0,0.5756481727280771,0.36534055171174407
Hainan,460000,2022,4402.0,33839.0,59821.0,0.5656709182394143,0.36129617766389066
Hainan,460000,2023,4681.0,36841.0,64063.0,0.5750745360036215,0.36510941092523586
Hainan,460000,2024,5873.0,41055.0,68612.0,0.598364717542121,0.3743605642536041
Hebei,130000,1995,,46948.0,88400.0,0.5310859728506787,0.3468688122469486
Hebei,130000,1996,,54390.0,93400.0,0.5823340471092077,0.3680221936531565
Hebei,130000,1997,,59099.0,113300.0,0.5216151809355692,0.3428036125499568
Hebei,130000,1998,,61948.0,140596.0,0.44060997467922275,0.30584959317481636
Hebei,130000,1999,,68016.0,158174.0,0.43000746013883445,0.3007029488483134
Hebei,130000,2000,,72519.0,181626.0,0.39927653529780976,0.2853449802278227
Hebei,130000,2001,651.0,71286.0,212753.0,0.335064605434471,0.25097257770939907
Hebei,130000,2002,,74276.0,234819.0,0.3163117124253148,0.24030152542098707
Hebei,130000,2003,,75276.0,264873.0,0.28419657722757696,0.2213030172071651
Hebei,130000,2004,979.0,183835.0,318714.0,0.5768023996435676,0.36580512547035215
Hebei,130000,2005,1273.0,212430.0,396263.0,0.5360833587793965,0.34899366347239086
Hebei,130000,2006,1597.0,236419.0,450595.0,0.524681809607297,0.3441254472252385
Hebei,130000,2007,2094.0,277234.0,472248.0,0.5870517185885382,0.36990081149380505
Hebei,130000,2008,2380.0,312073.0,482330.0,0.6470113822486679,0.39283965443232216
Hebei,130000,2009,2811.0,348086.0,468982.0,0.7422161191687527,0.4260183974895602
Hebei,130000,2010,3270.0,348186.0,426568.0,0.8162496952420247,0.4494149110556383
Hebei,130000,2011,4651.0,355816.0,427876.0,0.83158672138657,0.4540253058599552
Hebei,130000,2012,6108.0,388585.0,423748.0,0.9170190773761764,0.47835678225555284
Hebei,130000,2013,7329.0,337100.0,404522.0,0.8333292132442734,0.45454422873107864
Hebei,130000,2014,8332.0,297687.0,361988.0,0.8223670397913743,0.45126312199188995
Hebei,130000,2015,11259.0,254142.0,352416.0,0.7211420593843639,0.4189904345503645
Hebei,130000,2016,14141.0,196609.0,368170.0,0.5340168943694489,0.34811669697350645
Hebei,130000,2017,13982.0,220087.0,376969.0,0.5838331533892708,0.36862036391896236
Hebei,130000,2018,18954.0,230532.0,401065.0,0.5747995960754492,0.3649985671242897
Hebei,130000,2019,20536.0,244988.0,427550.0,0.5730043269793007,0.3642738402885785
Hebei,130000,2020,22131.0,267526.0,455028.0,0.5879330502738292,0.37025052798821956
Hebei,130000,2021,23923.0,255152.0,447668.0,0.5699580939446197,0.36304032326911584
Hebei,130000,2022,24182.0,287782.0,500372.0,0.5751360987425356,0.3651342250372389
Hebei,130000,2023,28929.0,315575.0,556851.0,0.5667135373735523,0.36172122334730966
Hebei,130000,2024,29885.0,322956.0,592083.0,0.5454573091948257,0.3529423336054529
Heilongjiang,230000,1995,,23369.0,73300.0,0.3188130968622101,0.24174244069970724
Heilongjiang,230000,1996,,29018.0,74000.0,0.39213513513513515,0.2816789298957464
Heilongjiang,230000,1997,,33861.0,79700.0,0.4248557089084065,0.2981745493611363
Heilongjiang,230000,1998,,37557.0,86053.0,0.43644033328297677,0.30383464121025805
Heilongjiang,230000,1999,,39353.0,82932.0,0.4745212945545748,0.32181379564132967
Heilongjiang,230000,2000,,38157.0,91419.0,0.4173858825845831,0.29447582885719575
Heilongjiang,230000,2001,711.0,30327.0,102784.0,0.2950556506849315,0.22783241054458309
Heilongjiang,230000,2002,,32431.0,105634.0,0.307012893575932,0.234896606670771
Heilongjiang,230000,2003,,45279.0,115778.0,0.3910846620256007,0.28113649204939867
Heilongjiang,230000,2004,1325.0,69990.0,139441.0,0.5019327170631307,0.3341912133351796
Heilongjiang,230000,2005,1598.0,72172.0,161301.0,0.44743677968518486,0.3091235389102808
Heilongjiang,230000,2006,1911.0,101637.0,181583.0,0.5597275075309913,0.3588623684768025
Heilongjiang,230000,2007,2386.0,76586.0,193767.0,0.3952479008293466,0.28328148753666504
Heilongjiang,230000,2008,3047.0,75263.0,203680.0,0.3695159073055774,0.2698149801213868
Heilongjiang,230000,2009,3384.0,93863.0,206616.0,0.454287180082859,0.3123779032810945
Heilongjiang,230000,2010,4070.0,121979.0,195518.0,0.6238760625620148,0.38418945690825423
Heilongjiang,230000,2011,5063.0,123316.0,204287.0,0.6036409561058707,0.37641901936184957
Heilongjiang,230000,2012,7068.0,124133.0,206310.0,0.6016819349522563,0.3756563159153016
Heilongjiang,230000,2013,10338.0,91783.0,206088.0,0.44535829354450523,0.30813002944227535
Heilongjiang,230000,2014,13468.0,99655.0,198990.0,0.500804060505553,0.3336905021011569
Heilongjiang,230000,2015,14663.0,84332.0,193938.0,0.434840000412503,0.3030581809034391
Heilongjiang,230000,2016,13177.0,74927.0,190714.0,0.39287624400935434,0.28206112761207797
Heilongjiang,230000,2017,10607.0,74655.0,181619.0,0.4110528083515491,0.29130930176295683
Heilongjiang,230000,2018,12017.0,69211.0,180948.0,0.38249110241616374,0.27666803912711513
Heilongjiang,230000,2019,13125.0,61511.0,185865.0,0.33094450273047643,0.2486538710303344
Heilongjiang,230000,2020,13163.0,60499.0,188363.0,0.32118303488477035,0.2431026030490794
Heilongjiang,230000,2021,15018.0,46062.0,174127.0,0.26453106066261983,0.20919301145833807
Heilongjiang,230000,2022,14770.0,55290.0,188628.0,0.293116610471404,0.22667453816446512
Heilongjiang,230000,2023,14726.0,55712.0,191950.0,0.2902422505860901,0.2249517487543507
Heilongjiang,230000,2024,16248.0,55549.0,189079.0,0.29378725294718083,0.22707539611164707
Henan,410000,1995,,55129.0,135100.0,0.40806069578090304,0.2898033422874535
Henan,410000,1996,,63174.0,138200.0,0.4571201157742402,0.3137147794650749
Henan,410000,1997,,73005.0,137800.0,0.5297895500725689,0.3463153151016342
Henan,410000,1998,,82285.0,149336.0,0.5510057856109712,0.35525707945307206
Henan,410000,1999,,98258.0,155035.0,0.6337794691521269,0.38792228762737224
Henan,410000,2000,,112019.0,174719.0,0.6411380559641482,0.3906667410667578
Henan,410000,2001,744.0,122812.0,198380.0,0.6190745034781732,0.38236319709083666
Henan,410000,2002,,100649.0,257792.0,0.39042716608738826,0.28079656066130826
Henan,410000,2003,,100630.0,363787.0,0.27661791103035566,0.2166802679488477
Henan,410000,2004,1213.0,265708.0,424773.0,0.6255294004091597,0.3848158023175149
Henan,410000,2005,1703.0,316127.0,536570.0,0.5891626442029931,0.37073778845240457
Henan,410000,2006,2404.0,335796.0,573592.0,0.5854265749870988,0.36925492748969635
Henan,410000,2007,2875.0,387673.0,650962.0,0.5955386028677557,0.37325239376681896
Henan,410000,2008,4954.0,402395.0,749826.0,0.5366511697380459,0.3492342180883702
Henan,410000,2009,4952.0,466854.0,701747.0,0.6652739520083449,0.39949820340732206
Henan,410000,2010,6408.0,526333.0,704309.0,0.7473040952195699,0.42768977493048344
Henan,410000,2011,8833.0,529025.0,665464.0,0.7949716288183883,0.4428881304055542
Henan,410000,2012,10910.0,522733.0,640137.0,0.8165955100236356,0.4495197227549081
Henan,410000,2013,15580.0,511694.0,631289.0,0.8105542786267462,0.44768294891525073
Henan,410000,2014,19646.0,419551.0,602825.0,0.6959747853854767,0.4103685923769729
Henan,410000,2015,21338.0,388293.0,610455.0,0.6360714548983954,0.38877975224981676
Henan,410000,2016,28582.0,339047.0,633076.0,0.5355549728626579,0.3487696515770124
Henan,410000,2017,35625.0,318726.0,631394.0,0.5047973214823074,0.33545867890371744
Henan,410000,2018,46868.0,314036.0,660798.0,0.47523751585204554,0.32214305204783583
Henan,410000,2019,30260.0,343875.0,679853.0,0.5058078731725829,0.3359046543613147
Henan,410000,2020,32609.0,324853.0,690268.0,0.47061865826026994,0.32001406728853016
Henan,410000,2021,34950.0,355674.0,717596.0,0.4956465755104543,0.33139284616173004
Henan,410000,2022,33183.0,373566.0,742170.0,0.5033428998746918,0.33481576286863557
Henan,410000,2023,30637.0,379808.0,774723.0,0.4902500635711086,0.3289716776769095
Henan,410000,2024,32064.0,384777.0,839152.0,0.4585307548572845,0.31437853012715605
Hubei,420000,1995,,52245.0,98800.0,0.5287955465587044,0.3458902975934324
Hubei,420000,1996,,69947.0,98900.0,0.7072497472194136,0.4142626164515804
Hubei,420000,1997,,93692.0,115300.0,0.8125932350390286,0.4483042413106722
Hubei,420000,1998,,110274.0,140428.0,0.7852707437263224,0.4398608706751442
Hubei,420000,1999,,122331.0,146673.0,0.834038984680207,0.4547553196235
Hubei,420000,2000,,125593.0,165813.0,0.7574375953634516,0.43098975312793836
Hubei,420000,2001,1086.0,102122.0,190671.0,0.5355927225430192,0.34878566085937845
Hubei,420000,2002,,73002.0,237805.0,0.30698261180378883,0.23487887981930908
Hubei,420000,2003,,71978.0,272741.0,0.26390605006214685,0.20880195173460123
Hubei,420000,2004,1674.0,104687.0,322890.0,0.32421877419554646,0.2448377719100887
Hubei,420000,2005,2038.0,129436.0,383420.0,0.33758280736529134,0.2523827351147301
Hubei,420000,2006,2827.0,168598.0,410721.0,0.41049276759649495,0.2910279138091449
Hubei,420000,2007,3705.0,220461.0,443093.0,0.4975501756967499,0.33224274135940707
Hubei,420000,2008,4616.0,264826.0,449676.0,0.5889262491215898,0.3706441689456433
Hubei,420000,2009,6065.0,307813.0,449917.0,0.6841550774920707,0.40623045148007864
Hubei,420000,2010,7411.0,335776.0,434549.0,0.7726999716947917,0.4358887482556064
Hubei,420000,2011,10327.0,307701.0,429063.0,0.7171464330413017,0.4176384839650146
Hubei,420000,2012,14640.0,272883.0,412235.0,0.6619598044804541,0.39830073067705124
Hubei,420000,2013,18189.0,199722.0,391211.0,0.5105224546344556,0.33797740183743336
Hubei,420000,2014,22536.0,147158.0,349485.0,0.42107100447801765,0.29630539441812326
Hubei,420000,2015,30204.0,125735.0,316918.0,0.3967430060772818,0.2840486792137408
Hubei,420000,2016,43789.0,111352.0,305669.0,0.364289476525261,0.2670177281240034
Hubei,420000,2017,51569.0,114889.0,289536.0,0.39680385167992926,0.2840798664770971
Hubei,420000,2018,50664.0,116775.0,275641.0,0.42364887661850015,0.2975796093941124
Hubei,420000,2019,47450.0,116755.0,274071.0,0.42600275111193814,0.298739080818574
Hubei,420000,2020,47767.0,117794.0,273954.0,0.4299772954583616,0.30068819751472886
Hubei,420000,2021,51690.0,124728.0,276792.0,0.45061996011445415,0.3106395696353855
Hubei,420000,2022,55207.0,139894.0,298814.0,0.4681641422423313,0.31887724864830364
Hubei,420000,2023,59068.0,141791.0,313514.0,0.45226369476323225,0.3114198174849826
Hubei,420000,2024,65626.0,145934.0,332052.0,0.4394914049606688,0.3053101973697974
Hunan,430000,1995,,32999.0,107000.0,0.3084018691588785,0.23570882649161778
Hunan,430000,1996,,44633.0,107900.0,0.41365152919369785,0.2926120904984495
Hunan,430000,1997,,56967.0,113300.0,0.5027978817299206,0.3345745211931848
Hunan,430000,1998,,65053.0,121968.0,0.5333612094975732,0.34783794333256696
Hunan,430000,1999,,65341.0,133018.0,0.4912192334871972,0.3294077909245358
Hunan,430000,2000,,73076.0,145587.0,0.501940420504578,0.3341946282635837
Hunan,430000,2001,906.0,80906.0,168166.0,0.48110795285610647,0.3248297680991842
Hunan,430000,2002,,80118.0,187847.0,0.4265066783073459,0.2989868079786539
Hunan,430000,2003,,60664.0,233929.0,0.2593265477986911,0.2059247843635117
Hunan,430000,2004,1734.0,150958.0,289817.0,0.5208735167364233,0.3424831263116102
Hunan,430000,2005,2594.0,187911.0,340207.0,0.5523431322694712,0.3558125267459166
Hunan,430000,2006,3578.0,215907.0,378477.0,0.5704626701226231,0.3632449729467819
Hunan,430000,2007,3670.0,256378.0,408711.0,0.6272843158123955,0.38547923661344574
Hunan,430000,2008,5335.0,269438.0,429998.0,0.6266029144321601,0.38522180728472655
Hunan,430000,2009,4416.0,273181.0,415666.0,0.6572127621696265,0.3965771789671727
Hunan,430000,2010,6438.0,282883.0,361786.0,0.7819069836864887,0.4388034789946469
Hunan,430000,2011,8774.0,225490.0,325598.0,0.6925411089748709,0.40917240077809713
Hunan,430000,2012,9974.0,251480.0,310055.0,0.8110819048233378,0.4478438565717186
Hunan,430000,2013,11938.0,237097.0,316720.0,0.748601288204092,0.4281143410187842
Hunan,430000,2014,14474.0,205099.0,320363.0,0.6402081388924439,0.3903212791790843
Hunan,430000,2015,19499.0,204137.0,334954.0,0.6094478644828842,0.3786689074757323
Hunan,430000,2016,25524.0,199567.0,341973.0,0.5835753115012003,0.36851756102965616
Hunan,430000,2017,31365.0,194901.0,344076.0,0.5664475290342831,0.3616128332006746
Hunan,430000,2018,35414.0,204504.0,364539.0,0.5609934739492893,0.3593823313879619
Hunan,430000,2019,39104.0,209896.0,379575.0,0.5529763551340314,0.35607519284239597
Hunan,430000,2020,48530.0,207929.0,385595.0,0.5392419507514361,0.3503295570187558
Hunan,430000,2021,36746.0,206223.0,394244.0,0.5230846886699607,0.34343769099717386
Hunan,430000,2022,35851.0,226792.0,425201.0,0.5333759798307154,0.3478442253214375
Hunan,430000,2023,35007.0,226885.0,440247.0,0.5153584237939157,0.3400901170982654
Hunan,430000,2024,38671.0,235619.0,474452.0,0.49661293450127725,0.331824564022471
Inner Mongolia,150000,1995,,16269.0,50200.0,0.3240836653386454,0.24476071552152132
Inner Mongolia,150000,1996,,19176.0,53600.0,0.35776119402985074,0.2634934593822139
Inner Mongolia,150000,1997,,17704.0,55800.0,0.31727598566308246,0.24085764040052243
Inner Mongolia,150000,1998,,17778.0,59000.0,0.3013220338983051,0.23155070462893015
Inner Mongolia,150000,1999,,21113.0,58982.0,0.3579566647451765,0.26359947562269803
Inner Mongolia,150000,2000,,24099.0,67474.0,0.35715979488395533,0.2631670907363524
Inner Mongolia,150000,2001,185.0,28982.0,69582.0,0.41651576557155584,0.2940424495759101
Inner Mongolia,150000,2002,,31765.0,84724.0,0.3749232802983806,0.2726866914472611
Inner Mongolia,150000,2003,,33516.0,102500.0,0.32698536585365856,0.24641218680155275
Inner Mongolia,150000,2004,286.0,53321.0,117525.0,0.4536992129334184,0.3120997857719818
Inner Mongolia,150000,2005,307.0,55109.0,136562.0,0.40354564227237444,0.28751871696813813
Inner Mongolia,150000,2006,430.0,60433.0,157028.0,0.3848549303308964,0.2779027043929716
Inner Mongolia,150000,2007,565.0,62121.0,170116.0,0.365168473277058,0.2674896764942709
Inner Mongolia,150000,2008,695.0,74932.0,187557.0,0.3995158805056596,0.28546720053030794
Inner Mongolia,150000,2009,719.0,77083.0,183055.0,0.4210920215235858,0.29631580161299004
Inner Mongolia,150000,2010,932.0,85296.0,174815.0,0.48792151703229125,0.32792154118818506
Inner Mongolia,150000,2011,1267.0,91335.0,168114.0,0.5432920518219779,0.3520345038909381
Inner Mongolia,150000,2012,1492.0,109495.0,161274.0,0.6789377084960998,0.4043852878283703
Inner Mongolia,150000,2013,1935.0,95508.0,161587.0,0.5910623998217679,0.3714891382562866
Inner Mongolia,150000,2014,1924.0,81296.0,162138.0,0.5014000419395823,0.33395499396140227
Inner Mongolia,150000,2015,2254.0,82938.0,165936.0,0.4998192074052647,0.33325297138310955
Inner Mongolia,150000,2016,2878.0,69116.0,160737.0,0.4299943385779254,0.30069653213140574
Inner Mongolia,150000,2017,2845.0,67326.0,153262.0,0.4392869726350955,0.3052115255589606
Inner Mongolia,150000,2018,3757.0,60611.0,146323.0,0.4142274283605448,0.29290015173920186
Inner Mongolia,150000,2019,4889.0,59815.0,144760.0,0.41320116054158607,0.29238665526090674
Inner Mongolia,150000,2020,5381.0,56234.0,142672.0,0.3941488168666592,0.28271645903089904
Inner Mongolia,150000,2021,5998.0,48568.0,132419.0,0.36677516066425514,0.2683507655245957
Inner Mongolia,150000,2022,6676.0,51229.0,129220.0,0.3964479182789042,0.2838973892900487
Inner Mongolia,150000,2023,8248.0,57881.0,142561.0,0.40600865594377145,0.2887668253160515
Inner Mongolia,150000,2024,11625.0,60817.0,138155.0,0.44020846151062215,0.30565607221116536
Jiangsu,320000,1995,,51657.0,136500.0,0.37843956043956045,0.2745420048151278
Jiangsu,320000,1996,,85623.0,135900.0,0.6300441501103753,0.3865196841862922
Jiangsu,320000,1997,,104254.0,151800.0,0.6867852437417655,0.40715630296734284
Jiangsu,320000,1998,,123377.0,176775.0,0.6979323999434309,0.41104840214291427
Jiangsu,320000,1999,,123461.0,195838.0,0.6304241260633789,0.38666265788492915
Jiangsu,320000,2000,,144900.0,229852.0,0.6304056523328054,0.386655708308428
Jiangsu,320000,2001,1394.0,139861.0,249318.0,0.5609743379940477,0.35937447806793277
Jiangsu,320000,2002,,117444.0,249448.0,0.470815560758154,0.32010509904822126
Jiangsu,320000,2003,,92456.0,291593.0,0.31707208334905157,0.24074011389171696
Jiangsu,320000,2004,4423.0,161109.0,353177.0,0.45617070194265197,0.3132673259625967
Jiangsu,320000,2005,6582.0,197237.0,426520.0,0.4624331801556785,0.31620807461880185
Jiangsu,320000,2006,10214.0,238245.0,449680.0,0.5298100871731009,0.34632409056219793
Jiangsu,320000,2007,16578.0,283992.0,475774.0,0.5969052533345665,0.3737887718060561
Jiangsu,320000,2008,22601.0,305559.0,499083.0,0.6122408497183836,0.3797452780242642
Jiangsu,320000,2009,31779.0,316447.0,513126.0,0.6167042792608444,0.3814576896789071
Jiangsu,320000,2010,50298.0,281831.0,486363.0,0.579466365656927,0.3668747738201548
Jiangsu,320000,2011,84678.0,290081.0,466131.0,0.6223164732660991,0.3835974567978292
Jiangsu,320000,2012,110091.0,248643.0,444765.0,0.5590435398468855,0.358581095112834
Jiangsu,320000,2013,141259.0,306146.0,425924.0,0.7187808153567303,0.4181922493750598
Jiangsu,320000,2014,146660.0,265876.0,396668.0,0.6702733772323455,0.40129561206501
Jiangsu,320000,2015,154608.0,242467.0,368844.0,0.6573700534643372,0.3966344462965659
Jiangsu,320000,2016,184632.0,229665.0,338683.0,0.6781119808198227,0.4040922111100945
Jiangsu,320000,2017,187005.0,216521.0,317594.0,0.6817540633639174,0.405382735927656
Jiangsu,320000,2018,198801.0,212599.0,312440.0,0.6804474459096147,0.40492039638960153
Jiangsu,320000,2019,172409.0,201787.0,313885.0,0.6428692036892493,0.39130881645697263
Jiangsu,320000,2020,177995.0,208509.0,311320.0,0.6697578054734679,0.4011107498812109
Jiangsu,320000,2021,188241.0,181724.0,345900.0,0.5253657126337091,0.34441951086379696
Jiangsu,320000,2022,194983.0,194742.0,380642.0,0.5116145879855613,0.338455709578299
Jiangsu,320000,2023,191877.0,208127.0,414857.0,0.501683712701003,0.3340808110641686
Jiangsu,320000,2024,229685.0,222479.0,442237.0,0.5030764047332087,0.3346978258384032
Jiangxi,360000,1995,,26564.0,77500.0,0.3427612903225806,0.2552659901599016
Jiangxi,360000,1996,,27170.0,79400.0,0.34219143576826194,0.2549497982546683
Jiangxi,360000,1997,,33803.0,78300.0,0.43171136653895276,0.3015351953114546
Jiangxi,360000,1998,,41151.0,85738.0,0.4799622104551074,0.32430707153496363
Jiangxi,360000,1999,,45460.0,86523.0,0.5254094287068178,0.3444382988718244
Jiangxi,360000,2000,,45776.0,91925.0,0.49797117215121023,0.33243041081764113
Jiangxi,360000,2001,273.0,44761.0,97363.0,0.45973316352207716,0.31494328895893725
Jiangxi,360000,2002,,47757.0,125862.0,0.3794393859941841,0.27506782091821746
Jiangxi,360000,2003,,56174.0,155520.0,0.36120113168724277,0.265354710100428
Jiangxi,360000,2004,663.0,97780.0,198869.0,0.49168045296149726,0.32961513438440715
Jiangxi,360000,2005,713.0,120609.0,239755.0,0.503051031261079,0.33468659466539386
Jiangxi,360000,2006,823.0,172836.0,256998.0,0.6725188522867882,0.4020994151230475
Jiangxi,360000,2007,1012.0,175091.0,266478.0,0.6570561172029211,0.396520136150862
Jiangxi,360000,2008,1016.0,200345.0,286828.0,0.6984848062253336,0.4112399496688035
Jiangxi,360000,2009,1502.0,183916.0,279087.0,0.6589916405995263,0.3972242080504878
Jiangxi,360000,2010,1968.0,188419.0,262464.0,0.7178851194830529,0.4178888980068
Jiangxi,360000,2011,2796.0,193413.0,251060.0,0.770385565203537,0.4351512915295192
Jiangxi,360000,2012,3023.0,190635.0,233135.0,0.8177021897184035,0.44985487410623687
Jiangxi,360000,2013,3931.0,159155.0,240907.0,0.6606491301622618,0.39782583699526575
Jiangxi,360000,2014,4688.0,154133.0,277005.0,0.5564267793000126,0.3575027021510514
Jiangxi,360000,2015,5722.0,139595.0,287377.0,0.4857556450237841,0.3269418135147035
Jiangxi,360000,2016,8202.0,118010.0,302009.0,0.39074994453807665,0.2809634802235137
Jiangxi,360000,2017,11507.0,105534.0,301912.0,0.3495521873923527,0.25901346436092143
Jiangxi,360000,2018,14519.0,108660.0,304483.0,0.35686721426155155,0.26300820781182305
Jiangxi,360000,2019,14101.0,112129.0,326947.0,0.3429577270933821,0.2553749237034135
Jiangxi,360000,2020,20285.0,107960.0,332836.0,0.3243639510149143,0.24492055281808364
Jiangxi,360000,2021,19171.0,117575.0,341650.0,0.34413873847504756,0.2560291795960586
Jiangxi,360000,2022,20625.0,142125.0,373189.0,0.380839199440498,0.275802714461474
Jiangxi,360000,2023,20186.0,163273.0,380301.0,0.42932571831259975,0.30036940692527603
Jiangxi,360000,2024,21702.0,187870.0,396458.0,0.4738711288459307,0.3215146287701428
Jilin,220000,1995,,23462.0,51000.0,0.4600392156862745,0.31508688995729367
Jilin,220000,1996,,26851.0,52200.0,0.5143869731800766,0.3396667973839673
Jilin,220000,1997,,31211.0,60500.0,0.5158842975206611,0.34031904569789884
Jilin,220000,1998,,33897.0,69432.0,0.4882042862080885,0.3280492407746131
Jilin,220000,1999,,39285.0,63451.0,0.6191391782635419,0.38238786793334373
Jilin,220000,2000,,42018.0,70225.0,0.5983339266642933,0.37434851171119804
Jilin,220000,2001,639.0,37534.0,82639.0,0.4541923304977069,0.3123330531816631
Jilin,220000,2002,,38009.0,83733.0,0.4539309471773375,0.3122094264920898
Jilin,220000,2003,,25373.0,92934.0,0.27302171433490435,0.2144674448680129
Jilin,220000,2004,1048.0,46695.0,101107.0,0.46183745932526926,0.3159294190876984
Jilin,220000,2005,1290.0,52454.0,133095.0,0.39410947067883845,0.2826962150159796
Jilin,220000,2006,1335.0,59549.0,146440.0,0.4066443594646271,0.2890882522853162
Jilin,220000,2007,1635.0,68088.0,164307.0,0.41439500447333344,0.2929839282256503
Jilin,220000,2008,1895.0,69512.0,168436.0,0.41269087368496044,0.2921310538436969
Jilin,220000,2009,2166.0,81580.0,168843.0,0.4831707562646956,0.32576879919176754
Jilin,220000,2010,2789.0,91836.0,152201.0,0.6033863115222633,0.37631998426468116
Jilin,220000,2011,3334.0,96934.0,155349.0,0.6239756934386446,0.3842272368728769
Jilin,220000,2012,3913.0,89817.0,154289.0,0.5821348249065066,0.367942615093443
Jilin,220000,2013,4549.0,83932.0,157117.0,0.5342006275578073,0.3481947653796531
Jilin,220000,2014,5288.0,76901.0,155501.0,0.494537012623713,0.330896463885853
Jilin,220000,2015,6154.0,53450.0,139932.0,0.38197124317525655,0.2763959417112244
Jilin,220000,2016,7537.0,48920.0,138986.0,0.3519778970543796,0.2603429374261599
Jilin,220000,2017,7780.0,38899.0,130110.0,0.29897010222119746,0.23015934062683052
Jilin,220000,2018,10530.0,41718.0,133057.0,0.31353480087481306,0.2386954655986268
Jilin,220000,2019,11269.0,43181.0,137352.0,0.31438202574407365,0.23918618756681603
Jilin,220000,2020,11113.0,40411.0,139803.0,0.28905674413281546,0.22423896034714283
Jilin,220000,2021,12680.0,33449.0,125455.0,0.26662149774819655,0.2104981624125258
Jilin,220000,2022,15518.0,41466.0,145802.0,0.2843993909548566,0.2214259777431275
Jilin,220000,2023,17576.0,42502.0,147922.0,0.28732710482551616,0.22319665588371213
Jilin,220000,2024,21148.0,46337.0,146731.0,0.31579557148796095,0.2400035220751238
Liaoning,210000,1995,,33809.0,81800.0,0.4133129584352078,0.2924426298990563
Liaoning,210000,1996,,37503.0,81100.0,0.46242909987669545,0.31620616679173374
Liaoning,210000,1997,,40340.0,95100.0,0.4241850683491062,0.29784406379208506
Liaoning,210000,1998,,37850.0,108156.0,0.3499574688413033,0.2592359218114324
Liaoning,210000,1999,,40100.0,106998.0,0.3747733602497243,0.27260737739466206
Liaoning,210000,2000,,35843.0,118892.0,0.30147528849712346,0.23164119300739974
Liaoning,210000,2001,1408.0,42499.0,133682.0,0.3179111623105579,0.24122351445388548
Liaoning,210000,2002,,42856.0,143387.0,0.29888344131615835,0.23010797721256637
Liaoning,210000,2003,,47479.0,148501.0,0.31972175271546993,0.24226451678742728
Liaoning,210000,2004,2907.0,104637.0,169848.0,0.6160625971456832,0.3812120880922455
Liaoning,210000,2005,3267.0,121551.0,201852.0,0.6021788240889364,0.375849945733342
Liaoning,210000,2006,4368.0,125932.0,224519.0,0.5608968506006173,0.35934267558089433
Liaoning,210000,2007,5516.0,130513.0,249165.0,0.5238014969999799,0.3437465431233835
Liaoning,210000,2008,6493.0,129789.0,256952.0,0.5051099037952613,0.3355966913257193
Liaoning,210000,2009,7125.0,147303.0,248791.0,0.5920752760349048,0.37188899604639303
Liaoning,210000,2010,9884.0,142613.0,226130.0,0.6306681997081325,0.3867544604236555
Liaoning,210000,2011,14658.0,142226.0,233805.0,0.6083103440901606,0.3782294544864652
Liaoning,210000,2012,19740.0,131308.0,237962.0,0.5518023886166699,0.3555880521027974
Liaoning,210000,2013,25292.0,127767.0,231626.0,0.5516090594320154,0.35550775891572733
Liaoning,210000,2014,18417.0,115269.0,231520.0,0.4978792328956462,0.33238943565107315
Liaoning,210000,2015,19332.0,107471.0,223546.0,0.4807556386604994,0.3246691257548706
Liaoning,210000,2016,25561.0,106649.0,216098.0,0.49352145785708335,0.3304414913229248
Liaoning,210000,2017,20500.0,96048.0,202502.0,0.47430642660319405,0.3217149556188243
Liaoning,210000,2018,25476.0,98698.0,206402.0,0.4781833509365219,0.3234939364142904
Liaoning,210000,2019,22592.0,99924.0,206749.0,0.48331068106738123,0.32583240128736474
Liaoning,210000,2020,21830.0,97951.0,208722.0,0.46928929389331264,0.3193988385022483
Liaoning,210000,2021,23078.0,75271.0,187630.0,0.4011671907477482,0.28630929513390974
Liaoning,210000,2022,23080.0,78006.0,200196.0,0.3896481448180783,0.28039338322513857
Liaoning,210000,2023,25496.0,87543.0,202603.0,0.43209133132283334,0.30172051312098047
Liaoning,210000,2024,27554.0,83641.0,202510.0,0.413021579181275,0.292296724456668
Ningxia,640000,1995,,4177.0,15600.0,0.2677564102564103,0.21120493502553472
Ningxia,640000,1996,,4432.0,15900.0,0.2787421383647799,0.21798150698406452
Ningxia,640000,1997,,3955.0,16100.0,0.24565217391304348,0.19720767888307156
Ningxia,640000,1998,,4006.0,17598.0,0.2276395044891465,0.185428624328828
Ningxia,640000,1999,,4459.0,17001.0,0.2622786894888536,0.20778191985088537
Ningxia,640000,2000,,4390.0,17746.0,0.24737969119801645,0.1983194795807734
Ningxia,640000,2001,98.0,4907.0,20216.0,0.24272853185595566,0.19531903037057677
Ningxia,640000,2002,,4741.0,18979.0,0.2498024131935297,0.1998735244519393
Ningxia,640000,2003,,9907.0,26111.0,0.3794186358239822,0.2750569159864512
Ningxia,640000,2004,89.0,14884.0,32475.0,0.45832178598922246,0.3142802846343884
Ningxia,640000,2005,106.0,15856.0,36741.0,0.4315614708363953,0.301462060573797
Ningxia,640000,2006,172.0,17133.0,40027.0,0.428036075648937,0.29973757872638207
Ningxia,640000,2007,112.0,18464.0,42520.0,0.43424270931326436,0.3027679391315755
Ningxia,640000,2008,160.0,21329.0,43245.0,0.49321308821829113,0.3303032180134419
Ningxia,640000,2009,182.0,20547.0,44190.0,0.464969450101833,0.31739190880022244
Ningxia,640000,2010,268.0,28493.0,44858.0,0.6351821302777654,0.38844732859811043
Ningxia,640000,2011,442.0,29398.0,48291.0,0.6087676792777122,0.37840620937327035
Ningxia,640000,2012,846.0,32461.0,47693.0,0.6806239909420669,0.4049829079022881
Ningxia,640000,2013,1792.0,31536.0,49770.0,0.6336347197106691,0.38786805401815366
Ningxia,640000,2014,2183.0,36834.0,54966.0,0.6701233489793691,0.40124183006535946
Ningxia,640000,2015,2626.0,25942.0,55417.0,0.4681235000090225,0.3188583930480955
Ningxia,640000,2016,2510.0,24379.0,56075.0,0.43475702184574233,0.3030178735675044
Ningxia,640000,2017,2561.0,24660.0,53632.0,0.45980011933174225,0.31497471005977623
Ningxia,640000,2018,2999.0,24527.0,52262.0,0.46930848417588306,0.3194077276693276
Ningxia,640000,2019,2525.0,22966.0,47318.0,0.4853544105837102,0.3267600022764783
Ningxia,640000,2020,2574.0,22446.0,49120.0,0.45696254071661235,0.3136405555710812
Ningxia,640000,2021,3054.0,23721.0,50447.0,0.4702162665768034,0.319827958149067
Ningxia,640000,2022,3358.0,23672.0,53161.0,0.44528883956283744,0.30809678133093854
Ningxia,640000,2023,3518.0,22641.0,56270.0,0.40236360405189264,0.2869181736386562
Ningxia,640000,2024,4417.0,24195.0,56954.0,0.42481651859395303,0.29815524528952914
Qinghai,630000,1995,,3280.0,10800.0,0.3037037037037037,0.23295454545454544
Qinghai,630000,1996,,4296.0,11400.0,0.37684210526315787,0.27370030581039756
Qinghai,630000,1997,,4121.0,13000.0,0.317,0.24069855732725892
Qinghai,630000,1998,,4215.0,14707.0,0.2865982185353913,0.2227565796427439
Qinghai,630000,1999,,4252.0,13924.0,0.3053720195346165,0.23393485915492956
Qinghai,630000,2000,,4093.0,14156.0,0.2891353489686352,0.2242862622609458
Qinghai,630000,2001,44.0,3528.0,13903.0,0.2537581816874056,0.20239802650450348
Qinghai,630000,2002,,3266.0,15479.0,0.21099554234769688,0.17423312883435582
Qinghai,630000,2003,,4596.0,17626.0,0.26075116305457846,0.20682206822068222
Qinghai,630000,2004,49.0,5804.0,20660.0,0.2809293320425944,0.21931680773881498
Qinghai,630000,2005,103.0,5836.0,25355.0,0.23017156379412346,0.18710525472091308
Qinghai,630000,2006,79.0,7939.0,29313.0,0.2708354654931259,0.2131160743047353
Qinghai,630000,2007,91.0,9175.0,31802.0,0.2885038676812779,0.22390609366229836
Qinghai,630000,2008,148.0,13798.0,33651.0,0.410032391310808,0.2907964340660499
Qinghai,630000,2009,175.0,19356.0,34396.0,0.5627398534713339,0.3600982289031106
Qinghai,630000,2010,193.0,19773.0,34080.0,0.580193661971831,0.367166174586374
Qinghai,630000,2011,204.0,21620.0,36114.0,0.5986597995237304,0.37447604531125506
Qinghai,630000,2012,298.0,23660.0,35807.0,0.6607646549557349,0.3978677249566987
Qinghai,630000,2013,520.0,22386.0,33081.0,0.6767026389770563,0.40359132457136676
Qinghai,630000,2014,660.0,20116.0,32367.0,0.6214972039422869,0.383286016424366
Qinghai,630000,2015,1103.0,19492.0,35882.0,0.5432250153280196,0.3520063567739372
Qinghai,630000,2016,1381.0,19256.0,38041.0,0.5061906889934544,0.33607344189050037
Qinghai,630000,2017,949.0,19455.0,38284.0,0.5081757392122035,0.3369472973207018
Qinghai,630000,2018,1287.0,20654.0,39125.0,0.5278977635782748,0.3455059469044313
Qinghai,630000,2019,1232.0,20184.0,41582.0,0.4854023375499014,0.3267817245733899
Qinghai,630000,2020,1417.0,20236.0,41901.0,0.48294790100474927,0.3256674767047009
Qinghai,630000,2021,1585.0,24061.0,41827.0,0.5752504363210367,0.36518030597377366
Qinghai,630000,2022,1459.0,21866.0,41573.0,0.5259663724051669,0.34467756427434226
Qinghai,630000,2023,1790.0,27631.0,43261.0,0.6387046069207831,0.3897618913276533
Qinghai,630000,2024,2109.0,20218.0,43995.0,0.4595522218433913,0.3148583620139224
Shaanxi,610000,1995,,23959.0,68600.0,0.34925655976676384,0.25885111118313725
Shaanxi,610000,1996,,27828.0,76400.0,0.3642408376963351,0.2669915953486587
Shaanxi,610000,1997,,28945.0,83300.0,0.34747899159663864,0.25787340193327096
Shaanxi,610000,1998,,32980.0,90268.0,0.3653564939956574,0.2675905491367
Shaanxi,610000,1999,,36811.0,89293.0,0.4122495604358684,0.2919098521854977
Shaanxi,610000,2000,,43730.0,98128.0,0.4456424262188162,0.3082660124913646
Shaanxi,610000,2001,476.0,45151.0,111029.0,0.40665952138630446,0.2890959149699065
Shaanxi,610000,2002,,41542.0,139112.0,0.29862269250675716,0.22995339156619837
Shaanxi,610000,2003,,40195.0,178276.0,0.22546500931140478,0.18398322889536825
Shaanxi,610000,2004,1099.0,110851.0,219980.0,0.5039139921811073,0.33506835816474273
Shaanxi,610000,2005,1693.0,127128.0,259637.0,0.4896374553703825,0.3286957196230269
Shaanxi,610000,2006,1815.0,140053.0,277374.0,0.5049247586291433,0.33551495231501555
Shaanxi,610000,2007,2412.0,159520.0,313222.0,0.5092873425238329,0.33743564142809396
Shaanxi,610000,2008,3775.0,174525.0,330531.0,0.5280140138141355,0.34555574035354497
Shaanxi,610000,2009,5858.0,184594.0,325393.0,0.5672955472305796,0.36195824599450577
Shaanxi,610000,2010,8138.0,198308.0,310262.0,0.639163029955328,0.38993255599032584
Shaanxi,610000,2011,13037.0,207571.0,309328.0,0.6710385092846428,0.40156974573369264
Shaanxi,610000,2012,17043.0,201747.0,317300.0,0.6358241411913016,0.388687344306007
Shaanxi,610000,2013,26487.0,177319.0,317569.0,0.5583636941892943,0.35830127220704483
Shaanxi,610000,2014,24399.0,160629.0,304394.0,0.5277009402287824,0.3454216243067547
Shaanxi,610000,2015,17322.0,125060.0,290052.0,0.43116406713279,0.30126809150301603
Shaanxi,610000,2016,22565.0,113590.0,277569.0,0.4092315784543663,0.2903934205783326
Shaanxi,610000,2017,46607.0,95895.0,266982.0,0.3591815178551363,0.26426309741317305
Shaanxi,610000,2018,30888.0,84877.0,263301.0,0.3223573020991185,0.2437747359109421
Shaanxi,610000,2019,34812.0,73018.0,252235.0,0.28948401292445536,0.22449600772321854
Shaanxi,610000,2020,38262.0,73941.0,241318.0,0.30640482682601383,0.23454048893132312
Shaanxi,610000,2021,38643.0,71322.0,230361.0,0.309609699558519,0.2364137190362069
Shaanxi,610000,2022,38569.0,90232.0,210877.0,0.4278892434926521,0.29966556961100466
Shaanxi,610000,2023,41729.0,89485.0,211239.0,0.42361969143955425,0.29756520929490166
Shaanxi,610000,2024,48686.0,96570.0,225978.0,0.427342484666649,0.29939729900665946
Shandong,370000,1995,,58680.0,162800.0,0.36044226044226046,0.26494491601950515
Shandong,370000,1996,,78496.0,186100.0,0.421794734013971,0.2966635927980771
Shandong,370000,1997,,90545.0,209600.0,0.4319895038167939,0.3016708590847757
Shandong,370000,1998,,99483.0,228092.0,0.4361529558248426,0.30369533694573764
Shandong,370000,1999,,106740.0,236588.0,0.4511640488951257,0.3108980333675086
Shandong,370000,2000,,103629.0,276377.0,0.3749552242046191,0.27270358889070173
Shandong,370000,2001,1373.0,110827.0,318220.0,0.34827163597511157,0.2583096956743667
Shandong,370000,2002,,111333.0,344209.0,0.3234459296532049,0.24439678448968483
Shandong,370000,2003,,89550.0,413708.0,0.2164570179933673,0.17794053944497654
Shandong,370000,2004,3230.0,279590.0,476833.0,0.5863478408583298,0.36962123044910056
Shandong,370000,2005,4801.0,330584.0,575243.0,0.5746858284238139,0.3649526896416203
Shandong,370000,2006,7237.0,379869.0,622155.0,0.6105697133351013,0.3791016981629183
Shandong,370000,2007,8795.0,394091.0,645455.0,0.6105630911527528,0.37909914520377164
Shandong,370000,2008,13714.0,396785.0,648601.0,0.6117551468468287,0.37955836408752364
Shandong,370000,2009,13983.0,418900.0,590834.0,0.7089977895652586,0.4148617358631085
Shandong,370000,2010,17259.0,439337.0,546851.0,0.8033943432488923,0.4454901093909072
Shandong,370000,2011,25623.0,386564.0,501759.0,0.7704176706347071,0.43516153471203606
Shandong,370000,2012,40381.0,380451.0,482883.0,0.7878740812991967,0.4406764936861053
Shandong,370000,2013,67642.0,378626.0,509383.0,0.7433031726618281,0.42637630924911796
Shandong,370000,2014,77298.0,354032.0,543232.0,0.6517141847313855,0.39456837675422174
Shandong,370000,2015,93475.0,320353.0,568865.0,0.5631441554674659,0.3602637373512457
Shandong,370000,2016,88359.0,286687.0,579148.0,0.49501509113387254,0.331110430971259
Shandong,370000,2017,67772.0,248347.0,553774.0,0.44846273028347305,0.30961288882849347
Shandong,370000,2018,72764.0,250210.0,550112.0,0.45483465185271366,0.3126366637428435
Shandong,370000,2019,69350.0,259891.0,551604.0,0.4711550315081109,0.3202619855944892
Shandong,370000,2020,74420.0,233426.0,542034.0,0.4306482619171491,0.3010161710468625
Shandong,370000,2021,82481.0,221047.0,539843.0,0.40946534455387956,0.2905111119872781
Shandong,370000,2022,88744.0,253917.0,570297.0,0.44523642943939734,0.3080716901193137
Shandong,370000,2023,96906.0,290260.0,611440.0,0.4747154258798901,0.32190307197515805
Shandong,370000,2024,110207.0,284581.0,608302.0,0.467828479932665,0.3187214898256546
Shanghai,310000,1995,,22601.0,36600.0,0.6175136612021858,0.3817671998783804
Shanghai,310000,1996,,21640.0,37400.0,0.5786096256684492,0.36653116531165314
Shanghai,310000,1997,,22879.0,42000.0,0.5447380952380952,0.3526410703000971
Shanghai,310000,1998,,27272.0,46390.0,0.5878853201120932,0.3702315983817979
Shanghai,310000,1999,,25905.0,53743.0,0.4820162625830341,0.3252435717155484
Shanghai,310000,2000,,38556.0,72547.0,0.531462362330627,0.34702933314131934
Shanghai,310000,2001,3268.0,29392.0,79896.0,0.3678782417142285,0.2689407803235488
Shanghai,310000,2002,,29418.0,79437.0,0.3703312058612485,0.2702494143585504
Shanghai,310000,2003,,33929.0,78270.0,0.4334866487798646,0.30240019964527315
Shanghai,310000,2004,6737.0,61893.0,91017.0,0.6800158212202116,0.40476751030017655
Shanghai,310000,2005,10441.0,61196.0,101825.0,0.6009918978639823,0.3753872200514044
Shanghai,310000,2006,12050.0,60699.0,102088.0,0.5945752683958937,0.37287375527529837
Shanghai,310000,2007,15212.0,58129.0,102425.0,0.5675274591164267,0.36205264272456616
Shanghai,310000,2008,17831.0,58095.0,95088.0,0.6109603735487128,0.3792522668964572
Shanghai,310000,2009,22012.0,56959.0,70377.0,0.8093411199681714,0.4473126217251995
Shanghai,310000,2010,26165.0,55530.0,62375.0,0.8902605210420842,0.4709723930282855
Shanghai,310000,2011,32142.0,51325.0,58523.0,0.8770056217213745,0.46723654504406087
Shanghai,310000,2012,37139.0,44859.0,54416.0,0.8243715083798883,0.45186602870813397
Shanghai,310000,2013,39157.0,48508.0,52675.0,0.9208922638822971,0.47940859630570354
Shanghai,310000,2014,39133.0,55827.0,50971.0,1.095269859331777,0.5227345081368565
Shanghai,310000,2015,46976.0,44179.0,51227.0,0.862416303902239,0.46306311971993375
Shanghai,310000,2016,54339.0,38418.0,51889.0,0.740388136213841,0.4254155270355565
Shanghai,310000,2017,54630.0,36722.0,51344.0,0.7152150202555313,0.4169827175073241
Shanghai,310000,2018,62755.0,34707.0,51942.0,0.6681875938546841,0.4005470345878198
Shanghai,310000,2019,71398.0,33778.0,51624.0,0.6543080737641407,0.3955176693754245
Shanghai,310000,2020,81042.0,32552.0,52293.0,0.622492494215287,0.3836643290706583
Shanghai,310000,2021,92527.0,31894.0,51692.0,0.6170006964327168,0.3815710764960639
Shanghai,310000,2022,89448.0,36441.0,53461.0,0.6816370812367895,0.40534137171586837
Shanghai,310000,2023,97066.0,41624.0,59074.0,0.7046077800724515,0.4133547836103994
Shanghai,310000,2024,100217.0,36161.0,59179.0,0.6110444583382619,0.3792846654080134
Shanxi,140000,1995,,31474.0,70800.0,0.44454802259887005,0.30774194810020145
Shanxi,140000,1996,,33143.0,63400.0,0.5227602523659306,0.34329780512310576
Shanxi,140000,1997,,33483.0,56000.0,0.5979107142857143,0.3741828056725858
Shanxi,140000,1998,,37702.0,66395.0,0.5678439641539272,0.3621814269383364
Shanxi,140000,1999,,38235.0,68621.0,0.557190947377625,0.3578179980534551
Shanxi,140000,2000,,42356.0,78622.0,0.538729617664267,0.35011324373026503
Shanxi,140000,2001,350.0,42283.0,90175.0,0.4688993623509842,0.3192181672681152
Shanxi,140000,2002,,52248.0,110947.0,0.47092756000612906,0.3201568675510892
Shanxi,140000,2003,,73444.0,138440.0,0.530511412886449,0.3466236242472296
Shanxi,140000,2004,571.0,97683.0,163273.0,0.5982801810464682,0.37432747283066875
Shanxi,140000,2005,610.0,100235.0,196934.0,0.5089776270222511,0.3372996510403171
Shanxi,140000,2006,965.0,109527.0,222176.0,0.4929740386000288,0.3301959885801455
Shanxi,140000,2007,1212.0,133543.0,231748.0,0.5762422976681568,0.3655797706486062
Shanxi,140000,2008,2053.0,148896.0,258789.0,0.5753567578220095,0.36522315022627766
Shanxi,140000,2009,2422.0,152871.0,251434.0,0.6079965318930614,0.3781081114505138
Shanxi,140000,2010,3046.0,181814.0,259381.0,0.7009534237280294,0.4120944253674679
Shanxi,140000,2011,4602.0,193887.0,270072.0,0.7179085577179419,0.417896840022502
Shanxi,140000,2012,5417.0,171100.0,285255.0,0.5998142013286358,0.37492741396500534
Shanxi,140000,2013,6025.0,159749.0,286103.0,0.5583618487048371,0.3583005122776168
Shanxi,140000,2014,6107.0,154227.0,273507.0,0.563886847502989,0.3605675489907279
Shanxi,140000,2015,5680.0,136130.0,283568.0,0.4800612198837669,0.3243522723482123
Shanxi,140000,2016,8208.0,129594.0,284423.0,0.4556382571029769,0.3130161321878087
Shanxi,140000,2017,7379.0,111375.0,260270.0,0.427921005110078,0.2996811473314588
Shanxi,140000,2018,9395.0,111831.0,247611.0,0.4516398706034869,0.3111239087251907
Shanxi,140000,2019,8424.0,107153.0,244365.0,0.4384956929183803,0.3048293401760365
Shanxi,140000,2020,9472.0,100866.0,227103.0,0.444142085309309,0.30754735965899216
Shanxi,140000,2021,10059.0,89969.0,207577.0,0.43342470504921066,0.3023700537059816
Shanxi,140000,2022,9891.0,99445.0,224880.0,0.44221362504446815,0.3066214445386572
Shanxi,140000,2023,11387.0,104653.0,221425.0,0.472634074743141,0.32094468194726417
Shanxi,140000,2024,13598.0,113503.0,236285.0,0.48036481367839684,0.3244908344482944
Sichuan,510000,1995,,60069.0,141700.0,0.4239167254763585,0.29771173966268355
Sichuan,510000,1996,,73539.0,124200.0,0.5921014492753623,0.37189932183332575
Sichuan,510000,1997,,63174.0,98500.0,0.6413604060913706,0.39074928559941613
Sichuan,510000,1998,,71263.0,110464.0,0.6451242033603708,0.392143159794637
Sichuan,510000,1999,,73860.0,114797.0,0.6433966044408826,0.3915041583402683
Sichuan,510000,2000,,77620.0,143038.0,0.5426530013003538,0.3517660814473076
Sichuan,510000,2001,926.0,86407.0,158816.0,0.5440698670159178,0.35236091231246663
Sichuan,510000,2002,,73118.0,173505.0,0.4214172502233365,0.29647680873235666
Sichuan,510000,2003,,57536.0,201256.0,0.285884644432961,0.22232526507774583
Sichuan,510000,2004,1638.0,147652.0,279445.0,0.5283758879207,0.3457106933553736
Sichuan,510000,2005,2256.0,192461.0,373219.0,0.5156784622433478,0.34022945835101115
Sichuan,510000,2006,2930.0,222391.0,414133.0,0.5370038127847817,0.34938352677982293
Sichuan,510000,2007,3406.0,224125.0,439911.0,0.5094780535153701,0.3375193513604684
Sichuan,510000,2008,4098.0,265395.0,456714.0,0.5810967038452949,0.367527617021807
Sichuan,510000,2009,6260.0,286549.0,449660.0,0.6372570386514255,0.3892223539782861
Sichuan,510000,2010,8342.0,314065.0,449991.0,0.6979361809458411,0.41104971363355564
Sichuan,510000,2011,11808.0,340512.0,452646.0,0.752269985816731,0.4293116882134455
Sichuan,510000,2012,16368.0,359099.0,478101.0,0.7510944340212633,0.42892857142857144
Sichuan,510000,2013,23510.0,414213.0,485487.0,0.8531907136545366,0.4603901300433478
Sichuan,510000,2014,29926.0,468087.0,504932.0,0.9270297782671726,0.4810666595410778
Sichuan,510000,2015,40437.0,423086.0,497843.0,0.8498382020034428,0.4594121805264032
Sichuan,510000,2016,54277.0,403808.0,496623.0,0.8131077296057573,0.44846079266484606
Sichuan,510000,2017,64642.0,353490.0,490317.0,0.720941758087115,0.41892281054790964
Sichuan,510000,2018,53805.0,327834.0,479939.0,0.6830743073598936,0.4058491680212139
Sichuan,510000,2019,39539.0,307889.0,470039.0,0.655028625284285,0.39578084347137527
Sichuan,510000,2020,41417.0,282042.0,455983.0,0.6185362173589805,0.38215778598285965
Sichuan,510000,2021,45358.0,255637.0,452530.0,0.564906194064482,0.3609840616690696
Sichuan,510000,2022,48283.0,261971.0,474281.0,0.5523539842414096,0.3558170300386281
Sichuan,510000,2023,53454.0,283033.0,470064.0,0.6021158820926512,0.3758254248788669
Sichuan,510000,2024,58261.0,336920.0,486880.0,0.691998028261584,0.4089827628065064
Tianjin,120000,1995,,10718.0,18600.0,0.576236559139785,0.36557746094549426
Tianjin,120000,1996,,13259.0,18300.0,0.724535519125683,0.42013371779840936
Tianjin,120000,1997,,16334.0,22700.0,0.7195594713656388,0.41845570528257414
Tianjin,120000,1998,,16872.0,25410.0,0.6639905548996458,0.39903505037604653
Tianjin,120000,1999,,20220.0,27851.0,0.726006247531507,0.42062782134759
Tianjin,120000,2000,,23325.0,33584.0,0.6945271557884707,0.4098648719886134
Tianjin,120000,2001,784.0,25953.0,36831.0,0.7046509733648285,0.4133696483180428
Tianjin,120000,2002,,26397.0,41486.0,0.6362869401725884,0.3888602448330215
Tianjin,120000,2003,,23071.0,44968.0,0.513053727094823,0.3390849365804906
Tianjin,120000,2004,4013.0,51919.0,52635.0,0.9863968842025268,0.4965759320542495
Tianjin,120000,2005,4470.0,37749.0,57263.0,0.6592214868239527,0.39730770849997893
Tianjin,120000,2006,4981.0,40614.0,69891.0,0.5811048632871185,0.36753088095561287
Tianjin,120000,2007,5364.0,41814.0,72169.0,0.5793900428161676,0.3668441785178492
Tianjin,120000,2008,6281.0,50633.0,75230.0,0.6730426691479463,0.4022866132223131
Tianjin,120000,2009,6367.0,56138.0,70624.0,0.7948855913004078,0.4428614253482905
Tianjin,120000,2010,7347.0,51481.0,65951.0,0.7805946839320101,0.4383898766945977
Tianjin,120000,2011,10623.0,40355.0,60204.0,0.6703042987176931,0.4013066955717539
Tianjin,120000,2012,13587.0,37107.0,62257.0,0.5960293621600784,0.3734451109053581
Tianjin,120000,2013,21946.0,39270.0,61167.0,0.6420128500662122,0.39099136772305026
Tianjin,120000,2014,23391.0,33249.0,61100.0,0.5441734860883797,0.3524043710055221
Tianjin,120000,2015,28510.0,30618.0,58350.0,0.5247300771208226,0.3441462098732128
Tianjin,120000,2016,38153.0,31055.0,56059.0,0.5539699245437842,0.35648690222007945
Tianjin,120000,2017,25652.0,29111.0,55239.0,0.5270008508481326,0.3451215174866627
Tianjin,120000,2018,26661.0,32446.0,53731.0,0.6038599691053582,0.37650417164672706
Tianjin,120000,2019,24574.0,30005.0,54368.0,0.5518871394938198,0.3556232444028303
Tianjin,120000,2020,22057.0,29966.0,54729.0,0.5475342140364341,0.35381073262884466
Tianjin,120000,2021,21370.0,24478.0,51828.0,0.47229296905147794,0.3207873561712054
Tianjin,120000,2022,21466.0,24853.0,58108.0,0.42770358642527706,0.29957449886091053
Tianjin,120000,2023,24263.0,30262.0,67176.0,0.4504882696201024,0.3105769822861717
Tianjin,120000,2024,27037.0,28043.0,68529.0,0.40921361759255204,0.29038437642380815
Xinjiang,650000,1995,,18981.0,44600.0,0.4255829596412556,0.2985325804878816
Xinjiang,650000,1996,,21701.0,43500.0,0.4988735632183908,0.33283231852272205
Xinjiang,650000,1997,,21936.0,38000.0,0.5772631578947368,0.36599038974906567
Xinjiang,650000,1998,,23090.0,49702.0,0.4645688302281598,0.31720518738322895
Xinjiang,650000,1999,,25118.0,52403.0,0.4793237028414404,0.3240154280775532
Xinjiang,650000,2000,,25842.0,54985.0,0.4699827225606984,0.31971989557944747
Xinjiang,650000,2001,189.0,26403.0,59251.0,0.4456127322745608,0.30825180376865063
Xinjiang,650000,2002,,31598.0,61932.0,0.5102047406833301,0.3378381268042339
Xinjiang,650000,2003,,31304.0,70824.0,0.4419970631424376,0.3065173116089613
Xinjiang,650000,2004,272.0,31359.0,84418.0,0.37147290862138405,0.2708569059485045
Xinjiang,650000,2005,320.0,28560.0,103928.0,0.2748056346701563,0.21556669283255842
Xinjiang,650000,2006,381.0,31257.0,115422.0,0.2708062587721578,0.21309798948724767
Xinjiang,650000,2007,476.0,37123.0,127129.0,0.2920104775464292,0.22601246864573948
Xinjiang,650000,2008,482.0,42831.0,135240.0,0.3167036379769299,0.24052765469952997
Xinjiang,650000,2009,662.0,59414.0,137290.0,0.4327627649501056,0.3020477468683911
Xinjiang,650000,2010,914.0,66383.0,135706.0,0.48916775971585635,0.3284839847789835
Xinjiang,650000,2011,1273.0,64508.0,129478.0,0.498215913128099,0.3325394616106317
Xinjiang,650000,2012,1679.0,71288.0,135089.0,0.5277113606585289,0.345426089147531
Xinjiang,650000,2013,2081.0,74860.0,139843.0,0.5353146028045737,0.3486676944430213
Xinjiang,650000,2014,2360.0,70764.0,141332.0,0.5006934027679506,0.333641369945685
Xinjiang,650000,2015,3024.0,65161.0,139054.0,0.4686021257928574,0.3190803809710354
Xinjiang,650000,2016,3598.0,54934.0,144332.0,0.3806085968461602,0.27568175202994993
Xinjiang,650000,2017,3207.0,64318.0,161857.0,0.3973754610551289,0.28437272023875315
Xinjiang,650000,2018,3665.0,68483.0,177880.0,0.38499550258601306,0.27797599477194224
Xinjiang,650000,2019,3544.0,67961.0,186939.0,0.3635463974879506,0.26661828167908985
Xinjiang,650000,2020,3776.0,72385.0,193593.0,0.3739029820293089,0.2721465685131853
Xinjiang,650000,2021,4395.0,88766.0,162501.0,0.5462489461603314,0.3532736093478252
Xinjiang,650000,2022,4951.0,79295.0,167906.0,0.4722582873750789,0.3207713561029284
Xinjiang,650000,2023,5484.0,76404.0,164974.0,0.46312752312485606,0.31653257546255253
Xinjiang,650000,2024,7312.0,78933.0,171558.0,0.46009512817822545,0.315113117836569
Xizang,540000,1995,,1196.0,1400.0,0.8542857142857143,0.46070878274268107
Xizang,540000,1996,,1500.0,1300.0,1.1538461538461537,0.5357142857142857
Xizang,540000,1997,,1483.0,1500.0,0.9886666666666667,0.4971505196111297
Xizang,540000,1998,,1352.0,1913.0,0.7067433350757972,0.41408882082695253
Xizang,540000,1999,,1427.0,2392.0,0.5965719063545151,0.37365802566116785
Xizang,540000,2000,,1895.0,2458.0,0.7709519934906428,0.43533195497358146
Xizang,540000,2001,8.0,1517.0,3034.0,0.5,0.3333333333333333
Xizang,540000,2002,,2311.0,4520.0,0.511283185840708,0.3383106426584687
Xizang,540000,2003,,1938.0,6022.0,0.32181999335768846,0.24346733668341708
Xizang,540000,2004,20.0,2544.0,6756.0,0.3765541740674956,0.2735483870967742
Xizang,540000,2005,12.0,2930.0,7684.0,0.3813118167621031,0.2760504993404937
Xizang,540000,2006,21.0,2280.0,9868.0,0.2310498581272801,0.18768521567336188
Xizang,540000,2007,23.0,2197.0,12332.0,0.17815439506973726,0.15121481175579873
Xizang,540000,2008,39.0,2436.0,14383.0,0.169366613362998,0.1448361971579761
Xizang,540000,2009,71.0,3603.0,13312.0,0.27065805288461536,0.21300620750812888
Xizang,540000,2010,76.0,7312.0,12177.0,0.600476307793381,0.3751860023603058
Xizang,540000,2011,101.0,8625.0,13165.0,0.655146221040638,0.395823772372648
Xizang,540000,2012,81.0,9350.0,13286.0,0.7037483064880325,0.41305884431878426
Xizang,540000,2013,92.0,6412.0,14734.0,0.4351839283290349,0.3032251962546108
Xizang,540000,2014,92.0,6408.0,16182.0,0.39599555061179087,0.2836653386454183
Xizang,540000,2015,128.0,6139.0,18109.0,0.3390027058368767,0.253175519630485
Xizang,540000,2016,176.0,4162.0,19964.0,0.2084752554598277,0.1725109840006632
Xizang,540000,2017,273.0,5599.0,18339.0,0.3053056328044059,0.23389589773581754
Xizang,540000,2018,453.0,5228.0,19133.0,0.2732451784874301,0.2146053117688108
Xizang,540000,2019,456.0,6601.0,19159.0,0.3445378151260504,0.25625
Xizang,540000,2020,477.0,6272.0,20335.0,0.30843373493975906,0.23572744014732966
Xizang,540000,2021,515.0,9970.0,24678.0,0.4040035659291677,0.28775109674440086
Xizang,540000,2022,585.0,11750.0,23397.0,0.5022011368978929,0.33431018294591286
Xizang,540000,2023,625.0,9261.0,25244.0,0.3668594517509111,0.2683958846543979
Xizang,540000,2024,836.0,10784.0,25902.0,0.41633850667902095,0.2939540969307093
Yunnan,530000,1995,,26253.0,55500.0,0.47302702702702704,0.32112583024476166
Yunnan,530000,1996,,29639.0,52500.0,0.5645523809523809,0.3608395524659419
Yunnan,530000,1997,,31988.0,54800.0,0.5837226277372263,0.36857630087108817
Yunnan,530000,1998,,33242.0,58248.0,0.5706977063590166,0.3633402557656574
Yunnan,530000,1999,,34961.0,51543.0,0.678288031352463,0.4041547211689633
Yunnan,530000,2000,,37651.0,56504.0,0.6663422058615319,0.399883171366364
Yunnan,530000,2001,344.0,36884.0,59347.0,0.6214972955667515,0.38328605127245896
Yunnan,530000,2002,,36897.0,71073.0,0.5191422903212191,0.34173381494859684
Yunnan,530000,2003,,39355.0,84456.0,0.46598228663446056,0.31786351778113414
Yunnan,530000,2004,740.0,91218.0,99365.0,0.9180093594323957,0.4786261104085884
Yunnan,530000,2005,776.0,90520.0,116031.0,0.7801363428738871,0.4382452759851078
Yunnan,530000,2006,1005.0,88677.0,127676.0,0.694547134935305,0.4098718298336515
Yunnan,530000,2007,1014.0,93140.0,153311.0,0.6075232696936292,0.37792502363553
Yunnan,530000,2008,1474.0,103236.0,173903.0,0.5936412827840808,0.37250621529268707
Yunnan,530000,2009,1637.0,117236.0,183772.0,0.6379426680887186,0.3894780205177271
Yunnan,530000,2010,2333.0,128904.0,184415.0,0.6989886939782556,0.41141456470881116
Yunnan,530000,2011,2796.0,129480.0,192310.0,0.6732879205449535,0.40237421921128685
Yunnan,530000,2012,3324.0,162754.0,196248.0,0.8293281969752558,0.45335123481206235
Yunnan,530000,2013,3961.0,210191.0,209987.0,1.000971488711206,0.5002427542612893
Yunnan,530000,2014,4732.0,146232.0,221640.0,0.6597726042230644,0.3975078288100209
Yunnan,530000,2015,6301.0,149924.0,240680.0,0.622918397872694,0.3838260744897646
Yunnan,530000,2016,7907.0,147993.0,248914.0,0.5945547458158239,0.37286568390076263
Yunnan,530000,2017,7801.0,144267.0,252177.0,0.5720862727370062,0.3639025940612041
Yunnan,530000,2018,9606.0,142093.0,257036.0,0.5528136136572309,0.3560077067815168
Yunnan,530000,2019,8996.0,148998.0,272366.0,0.5470506597739806,0.3536087563246979
Yunnan,530000,2020,9753.0,151012.0,283730.0,0.5322383956578437,0.34736004342805615
Yunnan,530000,2021,10293.0,175462.0,289905.0,0.6052396474707231,0.37704005655751266
Yunnan,530000,2022,12036.0,192777.0,312794.0,0.6163065787706925,0.38130549418380405
Yunnan,530000,2023,12493.0,190339.0,336112.0,0.5662963535964203,0.36155121749222624
Yunnan,530000,2024,14231.0,133203.0,334965.0,0.3976624423447226,0.284519659609371
Zhejiang,330000,1995,,29023.0,70900.0,0.4093511988716502,0.2904536493099687
Zhejiang,330000,1996,,34400.0,79300.0,0.4337957124842371,0.30255057167985927
Zhejiang,330000,1997,,39865.0,91100.0,0.437596048298573,0.30439430382163174
Zhejiang,330000,1998,,45809.0,107132.0,0.4275939961916141,0.29952073021622716
Zhejiang,330000,1999,,50772.0,112696.0,0.4505217576488961,0.3105928989159958
Zhejiang,330000,2000,,50834.0,139549.0,0.3642734809995056,0.2670091342189166
Zhejiang,330000,2001,1093.0,47687.0,164372.0,0.2901163215146132,0.22487609580352638
Zhejiang,330000,2002,,46695.0,174441.0,0.2676836294219822,0.2111596483611895
Zhejiang,330000,2003,,41198.0,196142.0,0.2100417044794078,0.17358220274711383
Zhejiang,330000,2004,3578.0,172626.0,215649.0,0.8004952492244342,0.4445972570987058
Zhejiang,330000,2005,6776.0,218780.0,259874.0,0.8418695213834396,0.45707337659353103
Zhejiang,330000,2006,8333.0,232408.0,291952.0,0.7960486655340604,0.4432222137462812
Zhejiang,330000,2007,9532.0,219044.0,293508.0,0.7462965234337735,0.4273595654684793
Zhejiang,330000,2008,12063.0,222799.0,295892.0,0.7529740581022806,0.42954090200138423
Zhejiang,330000,2009,15646.0,206479.0,285788.0,0.7224900975548308,0.41944513851223014
Zhejiang,330000,2010,18027.0,187361.0,273680.0,0.6845988015200234,0.4063868506271677
Zhejiang,330000,2011,24745.0,188650.0,277131.0,0.6807250000902101,0.40501866757124055
Zhejiang,330000,2012,33265.0,203459.0,297101.0,0.6848142550849711,0.4064627617068883
Zhejiang,330000,2013,42744.0,207272.0,296105.0,0.6999949342294118,0.41176295301533444
Zhejiang,330000,2014,52406.0,202669.0,296640.0,0.6832153451995685,0.4058989523521507
Zhejiang,330000,2015,67674.0,179646.0,270956.0,0.6630080160616484,0.39867998810480204
Zhejiang,330000,2016,93254.0,169894.0,259893.0,0.6537074873120862,0.39529813605344044
Zhejiang,330000,2017,98975.0,158960.0,246221.0,0.6455988725575804,0.3923184946974315
Zhejiang,330000,2018,143081.0,170376.0,253335.0,0.6725324175498846,0.402104264463278
Zhejiang,330000,2019,112981.0,172310.0,254026.0,0.6783163928101847,0.40416479021241464
Zhejiang,330000,2020,129708.0,168308.0,255062.0,0.6598709333416973,0.3975435198526112
Zhejiang,330000,2021,129821.0,159707.0,251695.0,0.634525914301039,0.38820180747784405
Zhejiang,330000,2022,122807.0,177633.0,269212.0,0.6598257135640313,0.39752710671485636
Zhejiang,330000,2023,117996.0,184148.0,277867.0,0.6627199343570845,0.3985758038158934
Zhejiang,330000,2024,132051.0,169880.0,279430.0,0.6079519020863902,0.3780908504150809
